alias phd \"phd mailing list at geo.au.dk\" <phd@geo.au.dk>
alias anna.egilsdottir Anna Egilsdottir <anna.egilsdottir@geo.au.dk>
alias esben.dalgaard Esben Dalgaard <esben.dalgaard@geo.au.dk>
alias laustlorentzen Laust Lorentzen <laustlorentzen@gmail.com>
alias trine.kvistlassen Trine Kvist-Lassen <trine.kvistlassen@geo.au.dk>
alias hvj Henriette Jacobsen <hvj@lysani.dk>
alias knud.karkov Knud Karkov <knud.karkov@geo.au.dk>
alias geo07thn Toke Højbjerg Nielsen <geo07thn@geo.au.dk>
alias bo.kempel Bo Kempel Christensen <bo.kempel@geo.au.dk>
alias jesper.find Jesper Find <jesper.find@geo.au.dk>
alias sine_ts Sine Thorling Soerensen <bris_s@hotmail.com>
alias adc Anders Damsgaard Christensen <adc@geo.au.dk>
alias linuxchristian Christian Brædstrup <linuxchristian@gmail.com>
alias mss Marit-Solveig Seidenkrantz <mss@geo.au.dk>
alias as Aase Sørensen <as@geo.au.dk>
alias david David Egholm <david@geo.au.dk>
alias rjl \"Rikke J. Ljungmann\" <rjl@science.au.dk>
alias mette.juncker Mette Juncker Hansen <mette.juncker@geo.au.dk>
alias kristian.evers Kristian Evers <kristian.evers@geo.au.dk>
alias chaos CHAOS <chaos@geo.au.dk>
alias jesper.marcussen Jesper Skaerbaek Marcussen <jesper.marcussen@geo.au.dk>
alias sbn Søren Bom Nielsen <sbn@geo.au.dk>
alias christof.pearce Christof Pearce <christof.pearce@geo.au.dk>
alias annesophie.hoyer Anne-Sophie Høyer Christensen <annesophie.hoyer@geo.au.dk>
alias geo06abp Anja Pedersen <geo06abp@geo.au.dk>
alias thue.bording Thue Bording <thue.bording@geo.au.dk>
alias kirsten.rosendal Kirsten Rosendal <kirsten.rosendal@geo.au.dk>
alias ole.bjoerslev Ole Bjørslev <ole.bjoerslev@geo.au.dk>
alias james.ramm James Ramm <james.ramm@geo.au.dk>
alias ntk Niels Tvis Knudsen <ntk@geo.au.dk>
alias n-ch Niels Christensen <n-ch@post.cybercity.dk>
alias studievejleder.geologi \"Studievejleder, Geologi\" <studievejleder.geologi@au.dk>
alias tli Tine Legarth Iversen <tli@geo.au.dk>
alias lone Lone Davidsen <lone@geo.au.dk>
alias geo06jar Jens Andreas Rasmussen <geo06jar@geo.au.dk>
alias christian.fredborg Christian Fredborg Brædstrup <christian.fredborg@geo.au.dk>
alias elbrond18 Karina Jakobsen <elbrond18@hotmail.com>
alias jan.piotrowski Jan Piotrowski <jan.piotrowski@geo.au.dk>
alias karenluise.knudsen Karen Luise Knudsen <karenluise.knudsen@geo.au.dk>
alias sven.nicolaisen Sven Nicolaisen <sven.nicolaisen@geo.au.dk>
alias geo06mb Morten Bak <geo06mb@nf.au.dk>
alias margrethe.thorup Margrethe Thorup Nielsen <margrethe.thorup@geo.au.dk>
alias fasanfjer Simon Svendsen <fasanfjer@gmail.com>
alias janel Jane Lund Andersen <janel@geo.au.dk>
alias jane.bang Jane Bang Poulsen <jane.bang@geo.au.dk>
alias hannibalsen Jesper Hannibalsen <hannibalsen@gmail.com>
alias vivi.pedersen Vivi Katrine Pedersen <vivi.pedersen@geo.au.dk>
alias sofie.ugelvig Sofie Vej Ugelvig <sofie.ugelvig@geo.au.dk>
alias geo06reo Rasmus Enemark Olsen <geo06reo@geo.au.dk>
alias nkl Nicolaj Krog Larsen <nkl@geo.au.dk>
alias kenni Kenni Dinesen Petersen <kenni@geo.au.dk>
alias rolfroos Rolf Roos <rolfroos@hotmail.com>
alias babak.hejrani Babak Hejrani <babak.hejrani@geo.au.dk>
alias eoin.mcgregor Eoin McGregor <eoin.mcgregor@geo.au.dk>
alias rasmusjes Rasmus Jes Petersen <rasmusjes@gmail.com>
alias ddv Denitza Voutchkova <ddv@geo.au.dk>
alias s.j.carr Simon Carr <s.j.carr@QMUL.AC.UK>
alias charlotte.rasmussen Charlotte Rasmussen <charlotte.rasmussen@geo.au.dk>
alias floriansmit88 Florian Smit <floriansmit88@gmail.com>
alias aarhus Viatravel Aarhus <aarhus@viatravel.dk>
alias tulaczyk Slawek Tulaczyk <tulaczyk@pmc.ucsc.edu>
alias pernille.otzen Pernille Otzen <pernille.otzen@geo.au.dk>
alias bent.odgaard Bent Odgaard <bent.odgaard@geo.au.dk>
alias geo07nes Niels Emil Soee <nes@geo.au.dk>
alias ncwh Niels Carl Wormsdorf Hansen <ncwh@cscaa.dk>
alias kasia.sliwinska Katarzyna Sliwinska <kasia.sliwinska@geo.au.dk>
alias larspeter.salmonsen Lars Peter Salmonsen <larspeter.salmonsen@geo.au.dk>
alias bartosz.goledowski Bartosz Gołędowski <bartosz.goledowski@geo.au.dk>
alias geo07kao Kristine Albers Olsen <geo07kao@geo.au.dk>
alias trinhammer Per Trinhammer <trinhammer@geo.au.dk>
alias vibholm Pernille Vibholm <vibholm@os.dk>
alias ekousted Emil Kousted <ekousted@hotmail.com>
alias 186rumph Rasmus Rumph <186rumph@gmail.com>
alias anne.thoisen Anne Thoisen <anne.thoisen@geo.au.dk>
alias katrine.andresen Katrine Juul Andresen <katrine.andresen@geo.au.dk>
alias troels.norvin Troels Norvin Vilhelmsen <troels.norvin@geo.au.dk>
alias geoaf Andrea Fischel <geoaf@geo.au.dk>
alias ole.r.clausen Ole Rønø Clausen <ole.r.clausen@geo.au.dk>
alias bo Bo Holm Jacobsen <bo@geo.au.dk>
alias slsonnesen Susan Louise Sonnesen <slsonnesen@gmail.com>
